image,class_id,query,label,conf,bbox
"myVideo_Tsim Sha Tsui, Hong Kong - Walk Through the Heart of Hong Kong 4K Walking Tour_0-1200_000240.jpg",0,footbridge entrance,footbridge entrance,0.3185,"[0.001, 0.1839, 0.8163, 0.6997]"
"myVideo_Tsim Sha Tsui, Hong Kong - Walk Through the Heart of Hong Kong 4K Walking Tour_0-1200_000240.jpg",0,footbridge entrance,footbridge entrance,0.2648,"[0.4372, 0.4313, 0.5911, 0.6849]"
"myVideo_Tsim Sha Tsui, Hong Kong - Walk Through the Heart of Hong Kong 4K Walking Tour_0-1200_000240.jpg",0,footbridge entrance,footbridge entrance,0.3251,"[0.4405, 0.5042, 0.5781, 0.678]"
"myVideo_Tsim Sha Tsui, Hong Kong - Walk Through the Heart of Hong Kong 4K Walking Tour_0-1200_000240.jpg",0,footbridge entrance,footbridge entrance,0.3096,"[0.1307, 0.5472, 0.2221, 0.6727]"
"myVideo_Tsim Sha Tsui, Hong Kong - Walk Through the Heart of Hong Kong 4K Walking Tour_0-1200_000240.jpg",1,stairs,stairs,0.3583,"[0.0019, 0.7518, 0.9986, 0.9978]"
"myVideo_Tsim Sha Tsui, Hong Kong - Walk Through the Heart of Hong Kong 4K Walking Tour_0-1200_000240.jpg",3,elevator,elevator,0.3201,"[0.2307, 0.4899, 0.3439, 0.6767]"
"myVideo_Tsim Sha Tsui, Hong Kong - Walk Through the Heart of Hong Kong 4K Walking Tour_0-1200_000240.jpg",4,ramp,ramp,0.342,"[0.0016, 0.7121, 0.9987, 0.9976]"
"myVideo_Tsim Sha Tsui, Hong Kong - Walk Through the Heart of Hong Kong 4K Walking Tour_0-1200_000240.jpg",4,ramp,ramp,0.2343,"[0.1304, 0.235, 0.5783, 0.4365]"
"myVideo_Tsim Sha Tsui, Hong Kong - Walk Through the Heart of Hong Kong 4K Walking Tour_0-1200_000240.jpg",6,pedestrian,pedestrian,0.4377,"[0.1653, 0.6038, 0.2006, 0.7287]"
"myVideo_Tsim Sha Tsui, Hong Kong - Walk Through the Heart of Hong Kong 4K Walking Tour_0-1200_000240.jpg",6,pedestrian,pedestrian,0.4155,"[0.4957, 0.607, 0.5177, 0.7197]"
"myVideo_Tsim Sha Tsui, Hong Kong - Walk Through the Heart of Hong Kong 4K Walking Tour_0-1200_000240.jpg",7,rubbish bin,rubbish bin,0.3904,"[0.1079, 0.6458, 0.1245, 0.7509]"
"myVideo_Tsim Sha Tsui, Hong Kong - Walk Through the Heart of Hong Kong 4K Walking Tour_0-1200_000240.jpg",8,bollard,bollard,0.351,"[0.5193, 0.6207, 0.6904, 0.7215]"
"myVideo_Tsim Sha Tsui, Hong Kong - Walk Through the Heart of Hong Kong 4K Walking Tour_0-1200_000240.jpg",10,water-filled barrier,water - filled barrier,0.3779,"[0.0022, 0.7227, 0.9983, 0.9965]"
"myVideo_Tsim Sha Tsui, Hong Kong - Walk Through the Heart of Hong Kong 4K Walking Tour_0-1200_000240.jpg",11,bicycle,bicycle,0.4316,"[0.6932, 0.6603, 0.7186, 0.7038]"
"myVideo_Tsim Sha Tsui, Hong Kong - Walk Through the Heart of Hong Kong 4K Walking Tour_0-1200_000240.jpg",11,bicycle,bicycle,0.391,"[0.9663, 0.6659, 0.9999, 0.7059]"
"myVideo_Tsim Sha Tsui, Hong Kong - Walk Through the Heart of Hong Kong 4K Walking Tour_0-1200_000240.jpg",13,push cart,push cart,0.3938,"[0.1997, 0.6369, 0.2297, 0.6865]"
"myVideo_Tsim Sha Tsui, Hong Kong - Walk Through the Heart of Hong Kong 4K Walking Tour_0-1200_000240.jpg",14,step,step,0.3975,"[0.7685, 0.7331, 0.9996, 0.7712]"
"myVideo_Tsim Sha Tsui, Hong Kong - Walk Through the Heart of Hong Kong 4K Walking Tour_0-1200_000240.jpg",18,door,door,0.4611,"[0.1515, 0.5499, 0.2211, 0.6709]"
"myVideo_Tsim Sha Tsui, Hong Kong - Walk Through the Heart of Hong Kong 4K Walking Tour_0-1200_000240.jpg",19,indoor escalator,indoor escalator,0.3641,"[0.0039, 0.7306, 0.9982, 0.9964]"
"myVideo_Tsim Sha Tsui, Hong Kong - Walk Through the Heart of Hong Kong 4K Walking Tour_0-1200_000240.jpg",20,sign,sign,0.3181,"[0.2321, 0.4919, 0.3429, 0.5584]"
"myVideo_Tsim Sha Tsui, Hong Kong - Walk Through the Heart of Hong Kong 4K Walking Tour_0-1200_000240.jpg",20,sign,sign,0.3061,"[0.5933, 0.5047, 0.6827, 0.5548]"
"myVideo_Tsim Sha Tsui, Hong Kong - Walk Through the Heart of Hong Kong 4K Walking Tour_0-1200_000240.jpg",20,sign,sign,0.2866,"[0.4396, 0.4302, 0.5912, 0.5113]"
"myVideo_Tsim Sha Tsui, Hong Kong - Walk Through the Heart of Hong Kong 4K Walking Tour_0-1200_000240.jpg",20,sign,sign,0.3333,"[0.1293, 0.2338, 0.5782, 0.4383]"
"myVideo_Tsim Sha Tsui, Hong Kong - Walk Through the Heart of Hong Kong 4K Walking Tour_0-1200_000240.jpg",21,indoor glass door,indoor glass door,0.302,"[0.1504, 0.5484, 0.2215, 0.6698]"
"myVideo_Tsim Sha Tsui, Hong Kong - Walk Through the Heart of Hong Kong 4K Walking Tour_0-1200_000240.jpg",21,indoor glass door,indoor glass door,0.3205,"[0.4457, 0.5063, 0.5691, 0.6718]"
"myVideo_Tsim Sha Tsui, Hong Kong - Walk Through the Heart of Hong Kong 4K Walking Tour_0-1200_000240.jpg",22,shop front,shop front,0.4002,"[0.0014, 0.0114, 0.8426, 0.7024]"
"myVideo_Tsim Sha Tsui, Hong Kong - Walk Through the Heart of Hong Kong 4K Walking Tour_0-1200_000240.jpg",22,shop front,shop front,0.3605,"[0.0022, 0.188, 0.8169, 0.6962]"
"myVideo_Tsim Sha Tsui, Hong Kong - Walk Through the Heart of Hong Kong 4K Walking Tour_0-1200_000240.jpg",23,fork in the road,fork in the road,0.6165,"[0.0025, 0.6939, 0.9976, 0.9941]"
"myVideo_Tsim Sha Tsui, Hong Kong - Walk Through the Heart of Hong Kong 4K Walking Tour_0-1200_000240.jpg",23,fork in the road,fork in the road,0.2955,"[0.5302, 0.7606, 0.5898, 0.996]"
"myVideo_Tsim Sha Tsui, Hong Kong - Walk Through the Heart of Hong Kong 4K Walking Tour_0-1200_000240.jpg",24,wet floor sign,wet floor sign,0.3161,"[0.1284, 0.2325, 0.5803, 0.4378]"
"myVideo_Tsim Sha Tsui, Hong Kong - Walk Through the Heart of Hong Kong 4K Walking Tour_0-1200_000240.jpg",25,a queue of people,a queue people,0.5635,"[0.4915, 0.6034, 0.5206, 0.7242]"
"myVideo_Tsim Sha Tsui, Hong Kong - Walk Through the Heart of Hong Kong 4K Walking Tour_0-1200_000240.jpg",25,a queue of people,a queue people,0.5635,"[0.1634, 0.6008, 0.2028, 0.7335]"
"myVideo_Tsim Sha Tsui, Hong Kong - Walk Through the Heart of Hong Kong 4K Walking Tour_0-1200_000240.jpg",25,a queue of people,a queue people,0.5286,"[0.4364, 0.6023, 0.4633, 0.7152]"
"myVideo_Tsim Sha Tsui, Hong Kong - Walk Through the Heart of Hong Kong 4K Walking Tour_0-1200_000240.jpg",25,a queue of people,a queue people,0.3763,"[0.3974, 0.6084, 0.4221, 0.7103]"
"myVideo_Tsim Sha Tsui, Hong Kong - Walk Through the Heart of Hong Kong 4K Walking Tour_0-1200_000240.jpg",29,road excavation,road excavation,0.6337,"[0.0021, 0.7028, 0.9982, 0.9961]"
"myVideo_Tsim Sha Tsui, Hong Kong - Walk Through the Heart of Hong Kong 4K Walking Tour_0-1200_000240.jpg",31,goods placed on the street,the street,0.3587,"[0.0029, 0.6749, 0.9969, 0.9941]"
"myVideo_Tsim Sha Tsui, Hong Kong - Walk Through the Heart of Hong Kong 4K Walking Tour_0-1200_000240.jpg",33,cardboard,cardboard,0.4501,"[0.1296, 0.2336, 0.5781, 0.4378]"
"myVideo_Tsim Sha Tsui, Hong Kong - Walk Through the Heart of Hong Kong 4K Walking Tour_0-1200_000240.jpg",33,cardboard,cardboard,0.3113,"[0.0018, 0.7081, 0.9987, 0.9965]"
"myVideo_Tsim Sha Tsui, Hong Kong - Walk Through the Heart of Hong Kong 4K Walking Tour_0-1200_000240.jpg",35,roll up banner,banner,0.5574,"[0.1292, 0.2334, 0.5783, 0.4385]"
"myVideo_Tsim Sha Tsui, Hong Kong - Walk Through the Heart of Hong Kong 4K Walking Tour_0-1200_000240.jpg",36,billboard,billboard,0.6013,"[0.1293, 0.2323, 0.5787, 0.4385]"
"myVideo_Tsim Sha Tsui, Hong Kong - Walk Through the Heart of Hong Kong 4K Walking Tour_0-1200_000240.jpg",36,billboard,billboard,0.3729,"[0.6493, 0.3583, 0.7113, 0.4797]"
"myVideo_Tsim Sha Tsui, Hong Kong - Walk Through the Heart of Hong Kong 4K Walking Tour_0-1200_000240.jpg",36,billboard,billboard,0.359,"[0.0236, 0.3472, 0.1291, 0.4768]"
"myVideo_Tsim Sha Tsui, Hong Kong - Walk Through the Heart of Hong Kong 4K Walking Tour_0-1200_000240.jpg",36,billboard,billboard,0.3663,"[0.4684, 0.5114, 0.5558, 0.5682]"
"myVideo_Tsim Sha Tsui, Hong Kong - Walk Through the Heart of Hong Kong 4K Walking Tour_0-1200_000240.jpg",36,billboard,billboard,0.3097,"[0.7124, 0.3582, 0.7732, 0.4704]"
"myVideo_Tsim Sha Tsui, Hong Kong - Walk Through the Heart of Hong Kong 4K Walking Tour_0-1200_000240.jpg",36,billboard,billboard,0.3709,"[0.5884, 0.3593, 0.6503, 0.4802]"
"myVideo_Tsim Sha Tsui, Hong Kong - Walk Through the Heart of Hong Kong 4K Walking Tour_0-1200_000240.jpg",36,billboard,billboard,0.3139,"[0.6776, 0.258, 0.7712, 0.3507]"
"myVideo_Tsim Sha Tsui, Hong Kong - Walk Through the Heart of Hong Kong 4K Walking Tour_0-1200_000240.jpg",36,billboard,billboard,0.3271,"[0.5877, 0.3544, 0.774, 0.4844]"
"myVideo_Tsim Sha Tsui, Hong Kong - Walk Through the Heart of Hong Kong 4K Walking Tour_0-1200_000240.jpg",36,billboard,billboard,0.3034,"[0.3186, 0.2382, 0.3933, 0.415]"
"myVideo_Tsim Sha Tsui, Hong Kong - Walk Through the Heart of Hong Kong 4K Walking Tour_0-1200_000240.jpg",36,billboard,billboard,0.3109,"[0.3921, 0.2384, 0.5759, 0.4292]"
"myVideo_Tsim Sha Tsui, Hong Kong - Walk Through the Heart of Hong Kong 4K Walking Tour_0-1200_000240.jpg",36,billboard,billboard,0.3044,"[0.0403, 0.2583, 0.1319, 0.3384]"
"myVideo_Tsim Sha Tsui, Hong Kong - Walk Through the Heart of Hong Kong 4K Walking Tour_0-1200_000240.jpg",36,billboard,billboard,0.3158,"[0.0272, 0.3506, 0.1281, 0.4318]"
"myVideo_Tsim Sha Tsui, Hong Kong - Walk Through the Heart of Hong Kong 4K Walking Tour_0-1200_000240.jpg",37,traffic cone bar,bar,0.2576,"[0.5192, 0.6203, 0.6912, 0.721]"
"myVideo_Tsim Sha Tsui, Hong Kong - Walk Through the Heart of Hong Kong 4K Walking Tour_0-1200_000240.jpg",37,traffic cone bar,bar,0.2658,"[0.7153, 0.6267, 0.9045, 0.7236]"
"myVideo_Tsim Sha Tsui, Hong Kong - Walk Through the Heart of Hong Kong 4K Walking Tour_0-1200_000240.jpg",38,steel road plate,steel road plate,0.4236,"[0.0039, 0.7159, 0.9975, 0.9936]"
"myVideo_Tsim Sha Tsui, Hong Kong - Walk Through the Heart of Hong Kong 4K Walking Tour_0-1200_000240.jpg",38,steel road plate,steel road plate,0.283,"[0.1182, 0.7796, 0.2084, 0.8069]"
"myVideo_Tsim Sha Tsui, Hong Kong - Walk Through the Heart of Hong Kong 4K Walking Tour_0-1200_000240.jpg",38,steel road plate,steel road plate,0.2669,"[0.0926, 0.7416, 0.99, 0.9923]"
"myVideo_Tsim Sha Tsui, Hong Kong - Walk Through the Heart of Hong Kong 4K Walking Tour_0-1200_000240.jpg",39,hand truck,hand truck,0.4264,"[0.7155, 0.6264, 0.9048, 0.7252]"
"myVideo_Tsim Sha Tsui, Hong Kong - Walk Through the Heart of Hong Kong 4K Walking Tour_0-1200_000240.jpg",39,hand truck,hand truck,0.395,"[0.3952, 0.3325, 0.4715, 0.3978]"
"myVideo_Tsim Sha Tsui, Hong Kong - Walk Through the Heart of Hong Kong 4K Walking Tour_0-1200_000240.jpg",39,hand truck,hand truck,0.33,"[0.5191, 0.6206, 0.6914, 0.7216]"
"myVideo_Tsim Sha Tsui, Hong Kong - Walk Through the Heart of Hong Kong 4K Walking Tour_0-1200_000240.jpg",40,pallet truck,pallet truck,0.3032,"[0.3955, 0.3331, 0.471, 0.3982]"
"myVideo_Tsim Sha Tsui, Hong Kong - Walk Through the Heart of Hong Kong 4K Walking Tour_0-1200_000240.jpg",41,pushchair,pushchair,0.4326,"[0.2002, 0.6401, 0.2292, 0.6867]"
"myVideo_Tsim Sha Tsui, Hong Kong - Walk Through the Heart of Hong Kong 4K Walking Tour_0-1200_000240.jpg",41,pushchair,pushchair,0.3082,"[0.1233, 0.6601, 0.1509, 0.7156]"
"myVideo_Tsim Sha Tsui, Hong Kong - Walk Through the Heart of Hong Kong 4K Walking Tour_0-1200_000240.jpg",43,tree roots on the pavement,the pavement,0.4776,"[0.0028, 0.6751, 0.9972, 0.9948]"
"myVideo_Tsim Sha Tsui, Hong Kong - Walk Through the Heart of Hong Kong 4K Walking Tour_0-1200_000240.jpg",43,tree roots on the pavement,tree roots,0.276,"[0.0058, 0.737, 0.9952, 0.9941]"
"myVideo_Tsim Sha Tsui, Hong Kong - Walk Through the Heart of Hong Kong 4K Walking Tour_0-1200_000240.jpg",44,cycle path,cycle path,0.6338,"[0.0021, 0.7059, 0.9983, 0.9961]"
"myVideo_Tsim Sha Tsui, Hong Kong - Walk Through the Heart of Hong Kong 4K Walking Tour_0-1200_000240.jpg",45,streetlight,streetlight,0.5678,"[0.4031, 0.4294, 0.4261, 0.5201]"
"myVideo_Tsim Sha Tsui, Hong Kong - Walk Through the Heart of Hong Kong 4K Walking Tour_0-1200_000240.jpg",45,streetlight,streetlight,0.3661,"[0.7544, 0.413, 0.8241, 0.7448]"
"myVideo_Tsim Sha Tsui, Hong Kong - Walk Through the Heart of Hong Kong 4K Walking Tour_0-1200_000240.jpg",45,streetlight,streetlight,0.4002,"[0.7544, 0.4173, 0.7808, 0.5072]"
"myVideo_Tsim Sha Tsui, Hong Kong - Walk Through the Heart of Hong Kong 4K Walking Tour_0-1200_000240.jpg",45,streetlight,streetlight,0.3902,"[0.3799, 0.4131, 0.4263, 0.7521]"
"myVideo_Tsim Sha Tsui, Hong Kong - Walk Through the Heart of Hong Kong 4K Walking Tour_0-1200_000240.jpg",45,streetlight,streetlight,0.3433,"[0.7764, 0.426, 0.8024, 0.5088]"
"myVideo_Tsim Sha Tsui, Hong Kong - Walk Through the Heart of Hong Kong 4K Walking Tour_0-1200_000240.jpg",46,sign post,sign post,0.3961,"[0.3892, 0.4133, 0.4029, 0.7531]"
"myVideo_Tsim Sha Tsui, Hong Kong - Walk Through the Heart of Hong Kong 4K Walking Tour_0-1200_000240.jpg",46,sign post,sign post,0.2624,"[0.9093, 0.5369, 0.9269, 0.5936]"
"myVideo_Tsim Sha Tsui, Hong Kong - Walk Through the Heart of Hong Kong 4K Walking Tour_0-1200_000240.jpg",46,sign post,sign post,0.277,"[0.3774, 0.4142, 0.4267, 0.752]"
"myVideo_Tsim Sha Tsui, Hong Kong - Walk Through the Heart of Hong Kong 4K Walking Tour_0-1200_000480.jpg",0,footbridge entrance,footbridge entrance,0.3,"[0.0014, 0.1519, 0.8167, 0.6955]"
"myVideo_Tsim Sha Tsui, Hong Kong - Walk Through the Heart of Hong Kong 4K Walking Tour_0-1200_000480.jpg",0,footbridge entrance,footbridge entrance,0.2945,"[0.1111, 0.5251, 0.2082, 0.6621]"
"myVideo_Tsim Sha Tsui, Hong Kong - Walk Through the Heart of Hong Kong 4K Walking Tour_0-1200_000480.jpg",0,footbridge entrance,footbridge entrance,0.2756,"[0.0014, 0.0182, 0.8299, 0.7042]"
"myVideo_Tsim Sha Tsui, Hong Kong - Walk Through the Heart of Hong Kong 4K Walking Tour_0-1200_000480.jpg",1,stairs,stairs,0.5437,"[0.0012, 0.7241, 0.9989, 0.9963]"
"myVideo_Tsim Sha Tsui, Hong Kong - Walk Through the Heart of Hong Kong 4K Walking Tour_0-1200_000480.jpg",2,outdoor escalator,outdoor escalator,0.4302,"[0.0035, 0.7211, 0.9984, 0.9958]"
"myVideo_Tsim Sha Tsui, Hong Kong - Walk Through the Heart of Hong Kong 4K Walking Tour_0-1200_000480.jpg",4,ramp,ramp,0.3801,"[0.0013, 0.7012, 0.9992, 0.9983]"
"myVideo_Tsim Sha Tsui, Hong Kong - Walk Through the Heart of Hong Kong 4K Walking Tour_0-1200_000480.jpg",6,pedestrian,pedestrian,0.6476,"[0.6663, 0.549, 0.7982, 0.9975]"
"myVideo_Tsim Sha Tsui, Hong Kong - Walk Through the Heart of Hong Kong 4K Walking Tour_0-1200_000480.jpg",6,pedestrian,pedestrian,0.5304,"[0.5454, 0.5626, 0.5773, 0.7355]"
"myVideo_Tsim Sha Tsui, Hong Kong - Walk Through the Heart of Hong Kong 4K Walking Tour_0-1200_000480.jpg",6,pedestrian,pedestrian,0.5687,"[0.85, 0.5782, 0.9146, 0.847]"
"myVideo_Tsim Sha Tsui, Hong Kong - Walk Through the Heart of Hong Kong 4K Walking Tour_0-1200_000480.jpg",6,pedestrian,pedestrian,0.4415,"[0.1846, 0.5882, 0.213, 0.7078]"
"myVideo_Tsim Sha Tsui, Hong Kong - Walk Through the Heart of Hong Kong 4K Walking Tour_0-1200_000480.jpg",6,pedestrian,pedestrian,0.4788,"[0.4154, 0.5717, 0.4411, 0.7185]"
"myVideo_Tsim Sha Tsui, Hong Kong - Walk Through the Heart of Hong Kong 4K Walking Tour_0-1200_000480.jpg",6,pedestrian,pedestrian,0.4279,"[0.2983, 0.5818, 0.3317, 0.7105]"
"myVideo_Tsim Sha Tsui, Hong Kong - Walk Through the Heart of Hong Kong 4K Walking Tour_0-1200_000480.jpg",6,pedestrian,pedestrian,0.4395,"[0.0353, 0.573, 0.0813, 0.7129]"
"myVideo_Tsim Sha Tsui, Hong Kong - Walk Through the Heart of Hong Kong 4K Walking Tour_0-1200_000480.jpg",6,pedestrian,pedestrian,0.4259,"[0.5003, 0.5881, 0.5313, 0.7201]"
"myVideo_Tsim Sha Tsui, Hong Kong - Walk Through the Heart of Hong Kong 4K Walking Tour_0-1200_000480.jpg",6,pedestrian,pedestrian,0.565,"[0.9276, 0.5304, 0.9992, 0.9129]"
"myVideo_Tsim Sha Tsui, Hong Kong - Walk Through the Heart of Hong Kong 4K Walking Tour_0-1200_000480.jpg",7,rubbish bin,rubbish bin,0.4075,"[0.0761, 0.6284, 0.0955, 0.736]"
"myVideo_Tsim Sha Tsui, Hong Kong - Walk Through the Heart of Hong Kong 4K Walking Tour_0-1200_000480.jpg",7,rubbish bin,rubbish bin,0.2923,"[0.9236, 0.7628, 0.9513, 0.8093]"
"myVideo_Tsim Sha Tsui, Hong Kong - Walk Through the Heart of Hong Kong 4K Walking Tour_0-1200_000480.jpg",8,bollard,bollard,0.4538,"[0.5569, 0.7409, 0.7061, 0.9977]"
"myVideo_Tsim Sha Tsui, Hong Kong - Walk Through the Heart of Hong Kong 4K Walking Tour_0-1200_000480.jpg",10,water-filled barrier,water - filled barrier,0.363,"[0.0017, 0.7181, 0.9984, 0.9971]"
"myVideo_Tsim Sha Tsui, Hong Kong - Walk Through the Heart of Hong Kong 4K Walking Tour_0-1200_000480.jpg",11,bicycle,bicycle,0.3389,"[0.5567, 0.7412, 0.7085, 0.9989]"
"myVideo_Tsim Sha Tsui, Hong Kong - Walk Through the Heart of Hong Kong 4K Walking Tour_0-1200_000480.jpg",13,push cart,push cart,0.4764,"[0.5563, 0.7417, 0.7066, 0.9976]"
"myVideo_Tsim Sha Tsui, Hong Kong - Walk Through the Heart of Hong Kong 4K Walking Tour_0-1200_000480.jpg",14,step,step,0.3941,"[0.0006, 0.7223, 1.0, 0.998]"
"myVideo_Tsim Sha Tsui, Hong Kong - Walk Through the Heart of Hong Kong 4K Walking Tour_0-1200_000480.jpg",15,tactile paving,tactile paving,0.4267,"[0.0019, 0.6462, 0.9983, 0.9968]"
"myVideo_Tsim Sha Tsui, Hong Kong - Walk Through the Heart of Hong Kong 4K Walking Tour_0-1200_000480.jpg",16,zebra crossing,zebra crossing,0.3108,"[0.0026, 0.7244, 0.9972, 0.9951]"
"myVideo_Tsim Sha Tsui, Hong Kong - Walk Through the Heart of Hong Kong 4K Walking Tour_0-1200_000480.jpg",18,door,door,0.2783,"[0.1359, 0.5292, 0.2065, 0.663]"
"myVideo_Tsim Sha Tsui, Hong Kong - Walk Through the Heart of Hong Kong 4K Walking Tour_0-1200_000480.jpg",18,door,door,0.3251,"[0.3371, 0.4221, 0.4292, 0.6462]"
"myVideo_Tsim Sha Tsui, Hong Kong - Walk Through the Heart of Hong Kong 4K Walking Tour_0-1200_000480.jpg",18,door,door,0.2795,"[0.1124, 0.5271, 0.207, 0.6646]"
"myVideo_Tsim Sha Tsui, Hong Kong - Walk Through the Heart of Hong Kong 4K Walking Tour_0-1200_000480.jpg",19,indoor escalator,indoor escalator,0.4726,"[0.0028, 0.7197, 0.998, 0.9964]"
"myVideo_Tsim Sha Tsui, Hong Kong - Walk Through the Heart of Hong Kong 4K Walking Tour_0-1200_000480.jpg",20,sign,sign,0.3147,"[0.2183, 0.4739, 0.3318, 0.5374]"
"myVideo_Tsim Sha Tsui, Hong Kong - Walk Through the Heart of Hong Kong 4K Walking Tour_0-1200_000480.jpg",20,sign,sign,0.3067,"[0.111, 0.2041, 0.5748, 0.4152]"
"myVideo_Tsim Sha Tsui, Hong Kong - Walk Through the Heart of Hong Kong 4K Walking Tour_0-1200_000480.jpg",20,sign,sign,0.2588,"[0.0047, 0.3216, 0.1101, 0.4067]"
"myVideo_Tsim Sha Tsui, Hong Kong - Walk Through the Heart of Hong Kong 4K Walking Tour_0-1200_000480.jpg",21,indoor glass door,indoor glass door,0.3725,"[0.1125, 0.5261, 0.2077, 0.6644]"
"myVideo_Tsim Sha Tsui, Hong Kong - Walk Through the Heart of Hong Kong 4K Walking Tour_0-1200_000480.jpg",22,shop front,shop front,0.3983,"[0.0013, 0.0111, 0.8424, 0.6975]"
"myVideo_Tsim Sha Tsui, Hong Kong - Walk Through the Heart of Hong Kong 4K Walking Tour_0-1200_000480.jpg",23,fork in the road,fork in the road,0.5614,"[0.0022, 0.6559, 0.9974, 0.9952]"
"myVideo_Tsim Sha Tsui, Hong Kong - Walk Through the Heart of Hong Kong 4K Walking Tour_0-1200_000480.jpg",23,fork in the road,fork in the road,0.2843,"[0.5203, 0.7428, 0.5763, 0.9955]"
"myVideo_Tsim Sha Tsui, Hong Kong - Walk Through the Heart of Hong Kong 4K Walking Tour_0-1200_000480.jpg",24,wet floor sign,wet floor sign,0.3352,"[0.4294, 0.4066, 0.5841, 0.517]"
"myVideo_Tsim Sha Tsui, Hong Kong - Walk Through the Heart of Hong Kong 4K Walking Tour_0-1200_000480.jpg",25,a queue of people,a queue people,0.6365,"[0.5417, 0.5604, 0.5803, 0.7406]"
"myVideo_Tsim Sha Tsui, Hong Kong - Walk Through the Heart of Hong Kong 4K Walking Tour_0-1200_000480.jpg",25,a queue of people,a queue people,0.5631,"[0.4972, 0.585, 0.534, 0.7248]"
"myVideo_Tsim Sha Tsui, Hong Kong - Walk Through the Heart of Hong Kong 4K Walking Tour_0-1200_000480.jpg",25,a queue of people,a queue people,0.5934,"[0.6644, 0.5476, 0.8002, 0.9967]"
"myVideo_Tsim Sha Tsui, Hong Kong - Walk Through the Heart of Hong Kong 4K Walking Tour_0-1200_000480.jpg",25,a queue of people,a queue people,0.609,"[0.8475, 0.5761, 0.9166, 0.8523]"
"myVideo_Tsim Sha Tsui, Hong Kong - Walk Through the Heart of Hong Kong 4K Walking Tour_0-1200_000480.jpg",25,a queue of people,a queue people,0.5567,"[0.1809, 0.5847, 0.2157, 0.7134]"
"myVideo_Tsim Sha Tsui, Hong Kong - Walk Through the Heart of Hong Kong 4K Walking Tour_0-1200_000480.jpg",25,a queue of people,a queue people,0.5465,"[0.9253, 0.5281, 0.9986, 0.9181]"
"myVideo_Tsim Sha Tsui, Hong Kong - Walk Through the Heart of Hong Kong 4K Walking Tour_0-1200_000480.jpg",25,a queue of people,a queue people,0.4722,"[0.033, 0.5708, 0.0843, 0.7184]"
"myVideo_Tsim Sha Tsui, Hong Kong - Walk Through the Heart of Hong Kong 4K Walking Tour_0-1200_000480.jpg",25,a queue of people,a queue people,0.4956,"[0.2956, 0.5788, 0.334, 0.7162]"
"myVideo_Tsim Sha Tsui, Hong Kong - Walk Through the Heart of Hong Kong 4K Walking Tour_0-1200_000480.jpg",25,a queue of people,a queue people,0.4515,"[0.2231, 0.5825, 0.2587, 0.7096]"
"myVideo_Tsim Sha Tsui, Hong Kong - Walk Through the Heart of Hong Kong 4K Walking Tour_0-1200_000480.jpg",25,a queue of people,a queue people,0.6405,"[0.4127, 0.5687, 0.4445, 0.7229]"
"myVideo_Tsim Sha Tsui, Hong Kong - Walk Through the Heart of Hong Kong 4K Walking Tour_0-1200_000480.jpg",25,a queue of people,a queue people,0.3889,"[0.3245, 0.5755, 0.3601, 0.7262]"
"myVideo_Tsim Sha Tsui, Hong Kong - Walk Through the Heart of Hong Kong 4K Walking Tour_0-1200_000480.jpg",25,a queue of people,a queue people,0.3866,"[0.1098, 0.5772, 0.1504, 0.7267]"
"myVideo_Tsim Sha Tsui, Hong Kong - Walk Through the Heart of Hong Kong 4K Walking Tour_0-1200_000480.jpg",29,road excavation,road excavation,0.5006,"[0.0021, 0.6828, 0.9979, 0.9966]"
"myVideo_Tsim Sha Tsui, Hong Kong - Walk Through the Heart of Hong Kong 4K Walking Tour_0-1200_000480.jpg",31,goods placed on the street,the street,0.3707,"[0.0028, 0.6439, 0.997, 0.9949]"
"myVideo_Tsim Sha Tsui, Hong Kong - Walk Through the Heart of Hong Kong 4K Walking Tour_0-1200_000480.jpg",33,cardboard,cardboard,0.3568,"[0.002, 0.694, 0.9984, 0.9982]"
"myVideo_Tsim Sha Tsui, Hong Kong - Walk Through the Heart of Hong Kong 4K Walking Tour_0-1200_000480.jpg",33,cardboard,cardboard,0.3012,"[0.1106, 0.2044, 0.5749, 0.4144]"
"myVideo_Tsim Sha Tsui, Hong Kong - Walk Through the Heart of Hong Kong 4K Walking Tour_0-1200_000480.jpg",35,roll up banner,banner,0.5419,"[0.1098, 0.2032, 0.5751, 0.4158]"
"myVideo_Tsim Sha Tsui, Hong Kong - Walk Through the Heart of Hong Kong 4K Walking Tour_0-1200_000480.jpg",36,billboard,billboard,0.6448,"[0.1106, 0.2017, 0.5752, 0.4153]"
"myVideo_Tsim Sha Tsui, Hong Kong - Walk Through the Heart of Hong Kong 4K Walking Tour_0-1200_000480.jpg",36,billboard,billboard,0.3276,"[0.0008, 0.3153, 0.1109, 0.4584]"
"myVideo_Tsim Sha Tsui, Hong Kong - Walk Through the Heart of Hong Kong 4K Walking Tour_0-1200_000480.jpg",36,billboard,billboard,0.3379,"[0.6441, 0.3349, 0.7077, 0.4585]"
"myVideo_Tsim Sha Tsui, Hong Kong - Walk Through the Heart of Hong Kong 4K Walking Tour_0-1200_000480.jpg",36,billboard,billboard,0.3051,"[0.5836, 0.337, 0.6455, 0.4591]"
"myVideo_Tsim Sha Tsui, Hong Kong - Walk Through the Heart of Hong Kong 4K Walking Tour_0-1200_000480.jpg",36,billboard,billboard,0.3012,"[0.5834, 0.3345, 0.7084, 0.4617]"
"myVideo_Tsim Sha Tsui, Hong Kong - Walk Through the Heart of Hong Kong 4K Walking Tour_0-1200_000480.jpg",38,steel road plate,steel road plate,0.3712,"[0.0782, 0.7663, 0.1795, 0.7969]"
"myVideo_Tsim Sha Tsui, Hong Kong - Walk Through the Heart of Hong Kong 4K Walking Tour_0-1200_000480.jpg",38,steel road plate,steel road plate,0.365,"[0.0037, 0.7048, 0.9972, 0.9928]"
"myVideo_Tsim Sha Tsui, Hong Kong - Walk Through the Heart of Hong Kong 4K Walking Tour_0-1200_000480.jpg",39,hand truck,hand truck,0.4197,"[0.5188, 0.6022, 0.6524, 0.7023]"
"myVideo_Tsim Sha Tsui, Hong Kong - Walk Through the Heart of Hong Kong 4K Walking Tour_0-1200_000480.jpg",39,hand truck,hand truck,0.3832,"[0.7497, 0.6067, 0.8644, 0.7054]"
"myVideo_Tsim Sha Tsui, Hong Kong - Walk Through the Heart of Hong Kong 4K Walking Tour_0-1200_000480.jpg",39,hand truck,hand truck,0.309,"[0.0129, 0.5603, 0.0593, 0.6113]"
"myVideo_Tsim Sha Tsui, Hong Kong - Walk Through the Heart of Hong Kong 4K Walking Tour_0-1200_000480.jpg",41,pushchair,pushchair,0.7344,"[0.556, 0.7413, 0.7057, 0.9978]"
"myVideo_Tsim Sha Tsui, Hong Kong - Walk Through the Heart of Hong Kong 4K Walking Tour_0-1200_000480.jpg",42,tree,tree,0.3162,"[0.3579, 0.3852, 0.4151, 0.7381]"
"myVideo_Tsim Sha Tsui, Hong Kong - Walk Through the Heart of Hong Kong 4K Walking Tour_0-1200_000480.jpg",43,tree roots on the pavement,the pavement,0.4847,"[0.0024, 0.6441, 0.9972, 0.9954]"
"myVideo_Tsim Sha Tsui, Hong Kong - Walk Through the Heart of Hong Kong 4K Walking Tour_0-1200_000480.jpg",43,tree roots on the pavement,tree roots,0.2933,"[0.0164, 0.7375, 0.5777, 0.9929]"
"myVideo_Tsim Sha Tsui, Hong Kong - Walk Through the Heart of Hong Kong 4K Walking Tour_0-1200_000480.jpg",44,cycle path,cycle path,0.5837,"[0.0023, 0.6858, 0.998, 0.9966]"
"myVideo_Tsim Sha Tsui, Hong Kong - Walk Through the Heart of Hong Kong 4K Walking Tour_0-1200_000480.jpg",44,cycle path,cycle path,0.3578,"[0.5561, 0.7397, 0.7091, 0.9975]"
"myVideo_Tsim Sha Tsui, Hong Kong - Walk Through the Heart of Hong Kong 4K Walking Tour_0-1200_000480.jpg",45,streetlight,streetlight,0.508,"[0.3879, 0.4005, 0.4132, 0.4931]"
"myVideo_Tsim Sha Tsui, Hong Kong - Walk Through the Heart of Hong Kong 4K Walking Tour_0-1200_000480.jpg",45,streetlight,streetlight,0.4418,"[0.3655, 0.3831, 0.4135, 0.7376]"
"myVideo_Tsim Sha Tsui, Hong Kong - Walk Through the Heart of Hong Kong 4K Walking Tour_0-1200_000480.jpg",45,streetlight,streetlight,0.361,"[0.756, 0.3894, 0.7835, 0.4763]"
"myVideo_Tsim Sha Tsui, Hong Kong - Walk Through the Heart of Hong Kong 4K Walking Tour_0-1200_000480.jpg",45,streetlight,streetlight,0.3251,"[0.756, 0.3834, 0.8304, 0.7273]"
"myVideo_Tsim Sha Tsui, Hong Kong - Walk Through the Heart of Hong Kong 4K Walking Tour_0-1200_000480.jpg",45,streetlight,streetlight,0.3349,"[0.4141, 0.5128, 0.4264, 0.5542]"
"myVideo_Tsim Sha Tsui, Hong Kong - Walk Through the Heart of Hong Kong 4K Walking Tour_0-1200_000480.jpg",45,streetlight,streetlight,0.3428,"[0.7791, 0.3942, 0.8066, 0.4827]"
"myVideo_Tsim Sha Tsui, Hong Kong - Walk Through the Heart of Hong Kong 4K Walking Tour_0-1200_000480.jpg",46,sign post,sign post,0.342,"[0.3616, 0.3807, 0.4126, 0.7377]"
"myVideo_Tsim Sha Tsui, Hong Kong - Walk Through the Heart of Hong Kong 4K Walking Tour_0-1200_000480.jpg",46,sign post,sign post,0.3956,"[0.3738, 0.3801, 0.3881, 0.7383]"
"myVideo_Tsim Sha Tsui, Hong Kong - Walk Through the Heart of Hong Kong 4K Walking Tour_0-1200_000480.jpg",47,bucket,bucket,0.3258,"[0.9237, 0.7641, 0.9519, 0.8097]"
