label,count,images,image_rate,sample_image
shopping bag,88,30,1.0,"myVideo_Tsim Sha Tsui, Hong Kong - Walk Through the Heart of Hong Kong 4K Walking Tour_0-1200_000240.jpg"
rubbish bag,73,29,0.967,"myVideo_Tsim Sha Tsui, Hong Kong - Walk Through the Heart of Hong Kong 4K Walking Tour_0-1200_000480.jpg"
bus stop,23,15,0.5,"myVideo_Tsim Sha Tsui, Hong Kong - Walk Through the Heart of Hong Kong 4K Walking Tour_0-1200_001920.jpg"
planter,15,14,0.467,"myVideo_Tsim Sha Tsui, Hong Kong - Walk Through the Heart of Hong Kong 4K Walking Tour_0-1200_000240.jpg"
post box,10,7,0.233,"myVideo_Tsim Sha Tsui, Hong Kong - Walk Through the Heart of Hong Kong 4K Walking Tour_0-1200_000480.jpg"
wheelchair,5,4,0.133,"myVideo_Tsim Sha Tsui, Hong Kong - Walk Through the Heart of Hong Kong 4K Walking Tour_0-1200_003600.jpg"
bench,4,4,0.133,"myVideo_Tsim Sha Tsui, Hong Kong - Walk Through the Heart of Hong Kong 4K Walking Tour_0-1200_000720.jpg"
suitcase,4,4,0.133,"myVideo_Tsim Sha Tsui, Hong Kong - Walk Through the Heart of Hong Kong 4K Walking Tour_0-1200_002880.jpg"
fire hydrant,2,2,0.067,"myVideo_Tsim Sha Tsui, Hong Kong - Walk Through the Heart of Hong Kong 4K Walking Tour_0-1200_004320.jpg"
